job_index,block,method,seed,selected_cases,original_campaign_state,gpu_executed,scope,fixed_work_complete,PASS,INVALID_TEST,candidate_draws,observations,raw_bytes,job_seconds,campaign_seconds,structural_software_coverage,temporal_software_coverage,confirmed_defects,time_to_detection,right_censored,raw_sha256
0,0,A_NO_DIVERSITY,1431274979,100,COMPLETE_CASE_LIMIT_LOCAL_ONLY,True,REAL_CUDA_IR,True,100,0,1600,399,65924873,34.014852158,33.894969316,37,61,0,,True,c78a42716150f8c2744d44d746f6262d68d989d46a1887fe5705bcc93b2d01e6
1,0,A_NO_VALIDITY_GUIDANCE,1431274979,100,COMPLETE_CASE_LIMIT_LOCAL_ONLY,True,REAL_CUDA_IR,True,14,86,1600,76,32658190,30.64537566,30.58266080899999,33,61,0,,True,cced8bfa25265ae4886c0dcaaccd0209f26ae400251f173c384ca7b3f96b0232
2,0,B3,1431274979,100,COMPLETE_CASE_LIMIT_LOCAL_ONLY,True,REAL_CUDA_IR,True,100,0,1600,421,72655694,33.803423743,33.67310539799999,37,61,0,,True,d0b5622d0c7073474af4193c1fc41aa94449815fcef13e6d828ade71707e0b91
3,0,A_NO_STATE,1431274979,100,COMPLETE_CASE_LIMIT_LOCAL_ONLY,True,REAL_CUDA_IR,True,100,0,1600,120,12165772,8.926659289,8.904613072999979,37,48,0,,True,dbc11d4153d554843af6e786c9fd38779c5450b7e0c1a20bed1fd12626d3921f
4,0,B4,1431274979,100,COMPLETE_CASE_LIMIT_LOCAL_ONLY,True,REAL_CUDA_IR,True,100,0,1600,580,66817526,33.583179879,33.461194473000006,37,61,0,,True,d371470e59b408b2c368766949eb72f7a29333b2b6bfdd358c1b88488c7e34b3
5,0,B2,1431274979,100,COMPLETE_CASE_LIMIT_LOCAL_ONLY,True,REAL_CUDA_IR,True,85,15,100,337,60368375,5.647226343,5.537261572999995,37,61,0,,True,edfe7e629f6bbf1c3b0e8e82a45c96e8d4fe465a3134f95e05a4be0a2a7380f5
6,0,B1,1431274979,100,COMPLETE_CASE_LIMIT_LOCAL_ONLY,True,REAL_CUDA_IR,True,86,14,100,93,21007648,2.571292178,2.537388931999999,35,48,0,,True,a1d6ff13b3e75d7e410676888f179c77df8d94d7ef8279a8e1a540e389717169
7,1,B1,1095985481,100,COMPLETE_CASE_LIMIT_LOCAL_ONLY,True,REAL_CUDA_IR,True,83,17,100,93,17621530,2.93470913,2.9051695670000015,33,48,0,,True,bcc32570f21f2abf7f9fe23a504a4f444b8481ffdba4579dfd47db7cfc69caba
8,1,B4,1095985481,100,COMPLETE_CASE_LIMIT_LOCAL_ONLY,True,REAL_CUDA_IR,True,100,0,1600,554,83997567,35.318357551,35.169505176,37,61,0,,True,d886aaddd947f81d78dab9bdd4a976d3795fce7ff59471a909cd1735d1a9e09a
9,1,A_NO_DIVERSITY,1095985481,100,COMPLETE_CASE_LIMIT_LOCAL_ONLY,True,REAL_CUDA_IR,True,100,0,1600,443,42186593,33.641072239,33.57869874099998,37,61,0,,True,8ce65e8d4b15265952b3ef3eac017b7e09bc89b7f7d932f6e4e883525d416976
10,1,B2,1095985481,100,COMPLETE_CASE_LIMIT_LOCAL_ONLY,True,REAL_CUDA_IR,True,83,17,100,326,51639665,4.666474747,4.591309952000017,33,61,0,,True,889463108e2c5b6af7b7d5ca453748258e1376ff98684e676f9f7bcb712dd75a
11,1,A_NO_STATE,1095985481,100,COMPLETE_CASE_LIMIT_LOCAL_ONLY,True,REAL_CUDA_IR,True,100,0,1600,120,17270595,9.669126922,9.640416135999999,37,48,0,,True,01b5ca0a53d5a0449e08ecc8d573787d8dd82bacea9c9ab2c71a4259aca861e8
12,1,B3,1095985481,100,COMPLETE_CASE_LIMIT_LOCAL_ONLY,True,REAL_CUDA_IR,True,100,0,1600,428,45903619,33.249125869,33.177407957000014,37,61,0,,True,880604470da5f608976d6b2a8fc8f7548d1133e3040fbecf874b0ccb5bf05b34
13,1,A_NO_VALIDITY_GUIDANCE,1095985481,100,COMPLETE_CASE_LIMIT_LOCAL_ONLY,True,REAL_CUDA_IR,True,9,91,1600,46,55310429,31.886556665,31.802011391999997,29,61,0,,True,3d133bc170ae17676307088e021d7f675ebd91c4fa0f882b23ac3332785445a3
14,2,B4,949659863,100,COMPLETE_CASE_LIMIT_LOCAL_ONLY,True,REAL_CUDA_IR,True,100,0,1600,562,98741264,32.356274572,32.181887953,37,61,0,,True,7e2d94109facfffbc6a60748acc6623ed79ba150977c58c58332fd7c09927376
15,2,A_NO_VALIDITY_GUIDANCE,949659863,100,COMPLETE_CASE_LIMIT_LOCAL_ONLY,True,REAL_CUDA_IR,True,14,86,1600,70,35692249,27.2832277,27.230526476000023,34,61,0,,True,82286c1dac3904375a7c00fa3b50f0dc7675b03e8b0f8dc04f5b5a3247517d5b
16,2,A_NO_DIVERSITY,949659863,100,COMPLETE_CASE_LIMIT_LOCAL_ONLY,True,REAL_CUDA_IR,True,100,0,1600,362,34247764,28.607628702,28.556548416,37,61,0,,True,5857ccac94edf34a04dd45f13694b095be0d0937397bf8a1a767b0d75ac28eaa
17,2,A_NO_STATE,949659863,100,COMPLETE_CASE_LIMIT_LOCAL_ONLY,True,REAL_CUDA_IR,True,100,0,1600,120,16047439,8.704989229,8.676982169000041,37,48,0,,True,8b878fe972ab24d4f0c6a8a1d73192467029aba34631739692b4bb52c198ce37
18,2,B2,949659863,100,COMPLETE_CASE_LIMIT_LOCAL_ONLY,True,REAL_CUDA_IR,True,85,15,100,310,57536954,5.641752737,5.556268017999969,37,61,0,,True,533ca53503e85054351915fd47d0a63520c084e206479ea1a03788ebbbd91098
19,2,B3,949659863,100,COMPLETE_CASE_LIMIT_LOCAL_ONLY,True,REAL_CUDA_IR,True,100,0,1600,336,28095753,27.807522774,27.76416313200002,37,61,0,,True,fc8293890a88679a30a0f6cd592c02e10b105340c1cd829f3ff1067cfbd1361f
20,2,B1,949659863,100,COMPLETE_CASE_LIMIT_LOCAL_ONLY,True,REAL_CUDA_IR,True,91,9,100,99,9678310,1.720372819,1.701933135000047,34,48,0,,True,536e25ebbdd9bbb7a01adf6a1848c3478107922fc5c7404061ce6f2a3fc4cff3
21,3,A_NO_STATE,885997478,100,COMPLETE_CASE_LIMIT_LOCAL_ONLY,True,REAL_CUDA_IR,True,100,0,1600,120,13360388,10.289669957,10.261399214999983,37,48,0,,True,69bc963dc380ff69c2b70c5a058e1322be11c8ff768bf6f6b38aadc481b8c51e
22,3,B1,885997478,100,COMPLETE_CASE_LIMIT_LOCAL_ONLY,True,REAL_CUDA_IR,True,86,14,100,94,13242188,2.158308204,2.134516079999912,35,48,0,,True,10b881afde65ffa41c997699639eeace2b8744f607216ddb82041f3d43da278e
23,3,B3,885997478,100,COMPLETE_CASE_LIMIT_LOCAL_ONLY,True,REAL_CUDA_IR,True,100,0,1600,386,90385581,37.787259289,37.623369292999996,37,61,0,,True,96de2351aa4088c24f79b8e29881eec8e87369edb4bb4161219d7cad479f34bd
24,3,B4,885997478,100,COMPLETE_CASE_LIMIT_LOCAL_ONLY,True,REAL_CUDA_IR,True,100,0,1600,566,58663193,35.10077299,35.00697763200003,37,61,0,,True,2d99cff5795b45fec46e18ed0b084662d31e13e02aff2e98cea85026860d033c
25,3,A_NO_DIVERSITY,885997478,100,COMPLETE_CASE_LIMIT_LOCAL_ONLY,True,REAL_CUDA_IR,True,100,0,1600,392,92665574,36.74382763,36.57662217099994,37,61,0,,True,d1fe83dc6a82ffa8c2b18216c0dd7bb9349e320e74d08ca8db6b39c10caa7c2a
26,3,A_NO_VALIDITY_GUIDANCE,885997478,100,COMPLETE_CASE_LIMIT_LOCAL_ONLY,True,REAL_CUDA_IR,True,12,88,1600,60,48668530,32.996849821,32.92579176899994,32,61,0,,True,cdd806ff8f2e35a60288ce35f96d89bacc8b7d76dba58fe351b8e17d78f22732
27,3,B2,885997478,100,COMPLETE_CASE_LIMIT_LOCAL_ONLY,True,REAL_CUDA_IR,True,89,11,100,356,43353697,4.272017045,4.208151280000038,36,61,0,,True,c5e02f280f66c68fe472fd7e43c86979eb137aeb423a4cb7c1f72763f18573a0
28,4,A_NO_STATE,2038791940,100,COMPLETE_CASE_LIMIT_LOCAL_ONLY,True,REAL_CUDA_IR,True,100,0,1600,120,11931636,9.866730064,9.845349806999934,37,48,0,,True,967e3961828eee4140580334ded48f737799b71739f51e1ac3bc3124af1f7334
29,4,B1,2038791940,100,COMPLETE_CASE_LIMIT_LOCAL_ONLY,True,REAL_CUDA_IR,True,86,14,100,98,9070646,1.869310988,1.8506574040000032,36,48,0,,True,927e730574634056bca877a0091dac7bc0043d64b7de8d38f5b4280a965168cb
30,4,A_NO_DIVERSITY,2038791940,100,COMPLETE_CASE_LIMIT_LOCAL_ONLY,True,REAL_CUDA_IR,True,100,0,1600,387,36533301,26.825575777,26.77075015799994,37,61,0,,True,67dbc8bfcdb657b5f4b7446593626d1f2406de89c78945070eaa8ebf982512d7
31,4,B3,2038791940,100,COMPLETE_CASE_LIMIT_LOCAL_ONLY,True,REAL_CUDA_IR,True,100,0,1600,367,42736384,26.579785317,26.516322175000028,37,61,0,,True,2e00172774ac06d92d2664ff9f0634a4ba817df14ea1201fb3757683670115d7
32,4,B2,2038791940,100,COMPLETE_CASE_LIMIT_LOCAL_ONLY,True,REAL_CUDA_IR,True,86,14,100,367,54926151,5.25242712,5.173604679999926,34,61,0,,True,c0b96ead64e88d69b3ce15b9282cde054f548980977eba5e9f71c07dd4f32bdf
33,4,A_NO_VALIDITY_GUIDANCE,2038791940,100,COMPLETE_CASE_LIMIT_LOCAL_ONLY,True,REAL_CUDA_IR,True,8,92,1600,33,31013201,25.904050243,25.856630394000035,28,61,0,,True,8de00e7760615251c2c3e77d04c3445350f2f1e49573cb98621707b4482f94f7
34,4,B4,2038791940,100,COMPLETE_CASE_LIMIT_LOCAL_ONLY,True,REAL_CUDA_IR,True,100,0,1600,559,49960387,26.849178501,26.77346430199998,37,61,0,,True,383d189fd957fd30a88f2c82803187adfa7842aa70bdb0f8ee0e9bf19aa09f51
35,5,B3,1576145255,100,COMPLETE_CASE_LIMIT_LOCAL_ONLY,True,REAL_CUDA_IR,True,100,0,1600,451,55837011,29.581930791,29.50181499300004,37,61,0,,True,6c1cfc283a1dfaf157b65d726a4d1c96b9039faaaf42c8fcb7ad5a4229fc51ea
36,5,B4,1576145255,100,COMPLETE_CASE_LIMIT_LOCAL_ONLY,True,REAL_CUDA_IR,True,100,0,1600,564,82214885,31.277599702,31.13060995300009,37,61,0,,True,2529034a2b6e94b33b8e68fcdba8990e66771b56ca0dda09c425458b91dcc3c4
37,5,A_NO_DIVERSITY,1576145255,100,COMPLETE_CASE_LIMIT_LOCAL_ONLY,True,REAL_CUDA_IR,True,100,0,1600,438,56023477,30.898112114,30.816450702999987,37,61,0,,True,a3e9e6b41adae51b1991e036426912c5158911fe513de6507bbf56587568bf26
38,5,B2,1576145255,100,COMPLETE_CASE_LIMIT_LOCAL_ONLY,True,REAL_CUDA_IR,True,90,10,100,372,55275262,5.098221215,5.015673573000072,36,61,0,,True,24efca5a787796c62d399b91f17d61180fa535b81adf392bf9fc7e3db0a8a705
39,5,B1,1576145255,100,COMPLETE_CASE_LIMIT_LOCAL_ONLY,True,REAL_CUDA_IR,True,86,14,100,97,16238529,2.432731048,2.405591510000022,36,48,0,,True,3195815cabfa846ea89e17c7b0555d8dfe56565cd948246fa777150d7de7501d
40,5,A_NO_STATE,1576145255,100,COMPLETE_CASE_LIMIT_LOCAL_ONLY,True,REAL_CUDA_IR,True,100,0,1600,120,14818767,10.197821266,10.171975565000025,37,48,0,,True,5f9a88f98d34b9f37d6ba21f2b8466eb3c84ec6ec499c60f99d0e2116ffacd8f
41,5,A_NO_VALIDITY_GUIDANCE,1576145255,100,COMPLETE_CASE_LIMIT_LOCAL_ONLY,True,REAL_CUDA_IR,True,12,88,1600,54,21261602,26.83206648,26.79796705399997,30,61,0,,True,a9d395ef4b44db8b42b92366aabe2349c46d046673ebea462d2d3094e1b1999d
42,6,B3,1492003955,100,COMPLETE_CASE_LIMIT_LOCAL_ONLY,True,REAL_CUDA_IR,True,100,0,1600,467,95036656,33.026088232,32.858671622999964,37,61,0,,True,1812611b2cd3c16ba8ff954452af869ee10ff47dbf654a2e14d74bc0aebc2c0f
43,6,A_NO_STATE,1492003955,100,COMPLETE_CASE_LIMIT_LOCAL_ONLY,True,REAL_CUDA_IR,True,100,0,1600,120,18834156,10.047371341,10.016388506999988,37,48,0,,True,cfc8904d3d5bc54a62b36fd768e017c11118781d7c5751c00c98135b017d3870
44,6,A_NO_DIVERSITY,1492003955,100,COMPLETE_CASE_LIMIT_LOCAL_ONLY,True,REAL_CUDA_IR,True,100,0,1600,460,94915960,33.427468888,33.2566987890001,37,61,0,,True,070f259f5ec6e33043aec7ae8637092140de392424ec70a36ef291859167f568
45,6,B1,1492003955,100,COMPLETE_CASE_LIMIT_LOCAL_ONLY,True,REAL_CUDA_IR,True,80,20,100,88,12801146,2.002572522,1.9796323040000061,33,48,0,,True,6360e278ca627e4ca07af543d3b8987fb7e083eb91720f9693ea89d36f43169e
46,6,B2,1492003955,100,COMPLETE_CASE_LIMIT_LOCAL_ONLY,True,REAL_CUDA_IR,True,84,16,100,359,38121993,4.245078006,4.187108644999967,36,61,0,,True,dae081bfdde8b682ce400bf282bd9ffbbccaec697bc3b336fccffda4279f8567
47,6,B4,1492003955,100,COMPLETE_CASE_LIMIT_LOCAL_ONLY,True,REAL_CUDA_IR,True,100,0,1600,568,85571865,33.072686135,32.92037653300008,37,61,0,,True,fa71cd1cd800a07b7f1701d0c6018806b383e8e9b0438ef6d87f11ea03b1f041
48,6,A_NO_VALIDITY_GUIDANCE,1492003955,100,COMPLETE_CASE_LIMIT_LOCAL_ONLY,True,REAL_CUDA_IR,True,10,90,1600,46,26795058,27.881283825,27.839704213999994,30,61,0,,True,f1e1dc18ac2f39621a91515a510c4f50974b4962930931e6add29d9ea4c2000d
49,7,B2,667949500,100,COMPLETE_CASE_LIMIT_LOCAL_ONLY,True,REAL_CUDA_IR,True,80,20,100,363,61006829,5.590939771,5.503014824000047,33,61,0,,True,42c85a73e70434b0b86628569ef9a63c0e5984f0113583bbbf9e3276094e8369
50,7,A_NO_DIVERSITY,667949500,100,COMPLETE_CASE_LIMIT_LOCAL_ONLY,True,REAL_CUDA_IR,True,100,0,1600,398,99073786,36.730935369,36.55665501599992,37,61,0,,True,e8117ce36daec9545ad41bd64a0939259aa672c478887b87afe8643beb4a969a
51,7,A_NO_STATE,667949500,100,COMPLETE_CASE_LIMIT_LOCAL_ONLY,True,REAL_CUDA_IR,True,100,0,1600,120,15926662,9.786297181,9.757861023000032,37,48,0,,True,6fba9c67602cef7d8e4b3041b2cb46f4e1000920c59e852dad50088ab7b1766a
52,7,B1,667949500,100,COMPLETE_CASE_LIMIT_LOCAL_ONLY,True,REAL_CUDA_IR,True,88,12,100,100,9132244,1.64988895,1.6315772609998476,36,48,0,,True,60f2db37cd540991373859288866ae81d6a17543ad39bfd1f43c0f6de67d73bf
53,7,B3,667949500,100,COMPLETE_CASE_LIMIT_LOCAL_ONLY,True,REAL_CUDA_IR,True,100,0,1600,394,89705407,35.683747911,35.52620210399982,37,61,0,,True,baa149cf4d029a011d408bb9c1821b9c279e6ab3a6b27ce62a2310ae7de67c75
54,7,A_NO_VALIDITY_GUIDANCE,667949500,100,COMPLETE_CASE_LIMIT_LOCAL_ONLY,True,REAL_CUDA_IR,True,11,89,1600,52,13753776,31.011240261,30.986973213000056,31,61,0,,True,e309adfff7dd96331df43b80eb63232734736c259bf84f2440e327f6b13497fb
55,7,B4,667949500,100,COMPLETE_CASE_LIMIT_LOCAL_ONLY,True,REAL_CUDA_IR,True,100,0,1600,574,96758694,36.914667722,36.74362207299987,37,61,0,,True,c085d067f3fd77617c6f2cd64771bde816ca9675c1367659bb71e05d4a577d62
56,8,B3,328149151,100,COMPLETE_CASE_LIMIT_LOCAL_ONLY,True,REAL_CUDA_IR,True,100,0,1600,500,102724893,36.463354122,36.263000895000005,37,61,0,,True,cc5e02a6d718e8dcf7589b2695ecd018344456326fe5f4a45277c9bed5d7cdde
57,8,B2,328149151,100,COMPLETE_CASE_LIMIT_LOCAL_ONLY,True,REAL_CUDA_IR,True,90,10,100,360,63885526,6.048359953,5.932869981000067,36,61,0,,True,e8eb0259dd2d4b16cb1e21261f0a2acbfc4009a160903bcc7721584dc76f2507
58,8,A_NO_STATE,328149151,100,COMPLETE_CASE_LIMIT_LOCAL_ONLY,True,REAL_CUDA_IR,True,100,0,1600,120,20870345,9.905410429,9.87266165799997,37,48,0,,True,d7271790151299fddaabc0b88f5e99f0618416931637f2c8e12cb79feb750781
59,8,A_NO_DIVERSITY,328149151,100,COMPLETE_CASE_LIMIT_LOCAL_ONLY,True,REAL_CUDA_IR,True,100,0,1600,477,103244422,36.331073305,36.131484296999815,37,61,0,,True,11f9f89e6813a740a514070d53659196e1059ea7a134d3e5f9e7b19c72d589c1
60,8,B1,328149151,100,COMPLETE_CASE_LIMIT_LOCAL_ONLY,True,REAL_CUDA_IR,True,90,10,100,107,10839677,1.711442415,1.690729164000004,36,48,0,,True,00b5421ab7cb2949ea45438929b9ca619a4ab4406efefe12479393f9e9f6835e
61,8,B4,328149151,100,COMPLETE_CASE_LIMIT_LOCAL_ONLY,True,REAL_CUDA_IR,True,100,0,1600,568,69389013,34.409502926,34.284349109000004,37,61,0,,True,cda5d426d0dede90519bfdf7eaed74c5d4752c75669c463c2012b8675b792c5b
62,8,A_NO_VALIDITY_GUIDANCE,328149151,100,COMPLETE_CASE_LIMIT_LOCAL_ONLY,True,REAL_CUDA_IR,True,8,92,1600,28,23484102,31.25955881,31.21991135999997,28,61,0,,True,ab394df57a5255dc363a8c90fbc254d8c43ddb7cf1316b551d2effb34598e474
63,9,A_NO_DIVERSITY,348740266,100,COMPLETE_CASE_LIMIT_LOCAL_ONLY,True,REAL_CUDA_IR,True,100,0,1600,346,74791884,29.929637762,29.794431378000127,37,61,0,,True,7e570f175956f493351559ff053a449641e82186e0fe8c757d03ebddde7f23ef
64,9,B4,348740266,100,COMPLETE_CASE_LIMIT_LOCAL_ONLY,True,REAL_CUDA_IR,True,100,0,1600,560,89577201,30.95919065,30.79939281399993,37,61,0,,True,4d0b043975ae594c4f8c3d62cc5cc8d22c294aaf3be8afeb90ce30fefd1b17c3
65,9,A_NO_STATE,348740266,100,COMPLETE_CASE_LIMIT_LOCAL_ONLY,True,REAL_CUDA_IR,True,100,0,1600,120,14213361,9.64527694,9.620580687000029,37,48,0,,True,c5d636798741f0167dd09bf885760bd0498883af2003782a7313b3f2a7b5a9cd
66,9,B2,348740266,100,COMPLETE_CASE_LIMIT_LOCAL_ONLY,True,REAL_CUDA_IR,True,85,15,100,320,12740192,1.852221643,1.8298048489998564,32,61,0,,True,5b346174074313d714026bef85c763a32a0dcfde8ba9cbadbcd481770dd0d089
67,9,A_NO_VALIDITY_GUIDANCE,348740266,100,COMPLETE_CASE_LIMIT_LOCAL_ONLY,True,REAL_CUDA_IR,True,9,91,1600,27,55725572,26.970507262,26.890916154000024,28,61,0,,True,d7c0543cec276c30a1d15e51c9ee36ca1d3fc735f92a55f4a08f70d0e9a7699c
68,9,B3,348740266,100,COMPLETE_CASE_LIMIT_LOCAL_ONLY,True,REAL_CUDA_IR,True,100,0,1600,356,74485627,31.222949348,31.08782297000016,37,61,0,,True,0cbf143b9522dd91a4c1ee4a08c0ccc5b95899cf596295230b937fd3ccfc467e
69,9,B1,348740266,100,COMPLETE_CASE_LIMIT_LOCAL_ONLY,True,REAL_CUDA_IR,True,82,18,100,90,15576944,2.229083217,2.203083928000069,34,48,0,,True,11aac079f56cb1d029f35557bb941bd63e12a7799499019bb2b5f9d78b893dbc
70,10,B1,747212468,100,COMPLETE_CASE_LIMIT_LOCAL_ONLY,True,REAL_CUDA_IR,True,84,16,100,99,16850723,2.672463355,2.644863923999992,35,48,0,,True,5d2b796fdded3742fd50c7431e948a7de6b78710a239fcec5b59e0420d3f1199
71,10,B2,747212468,100,COMPLETE_CASE_LIMIT_LOCAL_ONLY,True,REAL_CUDA_IR,True,92,8,100,401,89098544,7.865781451,7.708125977999998,36,61,0,,True,bc9c31e096c12652b76ea8b7b06f8c02f571f2d797671f580a19f12de2e18efc
72,10,A_NO_STATE,747212468,100,COMPLETE_CASE_LIMIT_LOCAL_ONLY,True,REAL_CUDA_IR,True,100,0,1600,120,14990848,9.769779362,9.744630294999979,37,48,0,,True,fea8bd942f7f9ee6e019b4ed6b836ee945d951a2f2b5996943baa5f85a84abf0
73,10,A_NO_DIVERSITY,747212468,100,COMPLETE_CASE_LIMIT_LOCAL_ONLY,True,REAL_CUDA_IR,True,100,0,1600,386,51893973,31.966463432,31.891519148000043,37,61,0,,True,3ed189ff44b9db4db855fd6baad2ae309a287f63b1a4609b00db1373cdb95e5f
74,10,A_NO_VALIDITY_GUIDANCE,747212468,100,COMPLETE_CASE_LIMIT_LOCAL_ONLY,True,REAL_CUDA_IR,True,11,89,1600,60,42108824,29.906067382,29.843088714000032,31,61,0,,True,d2c5dbc4aa548a23c143824a6897af63ae4b41cd92b15c94efd72ab6bddcadc1
75,10,B3,747212468,100,COMPLETE_CASE_LIMIT_LOCAL_ONLY,True,REAL_CUDA_IR,True,100,0,1600,371,52066605,32.160283164,32.084108746999846,37,61,0,,True,c2cb58da742fd0d1cd590d9759c80f13a9390141bca0a31dd735105c6f346617
76,10,B4,747212468,100,COMPLETE_CASE_LIMIT_LOCAL_ONLY,True,REAL_CUDA_IR,True,100,0,1600,559,88916046,33.031839839,32.87149369400004,37,61,0,,True,4d2b63d0cba958cde32507011f5dd565b3a9ae4fdba8111ec5e0acc953a9b774
77,11,B3,1678942432,100,COMPLETE_CASE_LIMIT_LOCAL_ONLY,True,REAL_CUDA_IR,True,100,0,1600,374,30448679,28.158026301,28.11180487799993,37,61,0,,True,5305ab6bcc88a2c656b14379390ac5651ff20447cafe976b090a774da921cb9d
78,11,B4,1678942432,100,COMPLETE_CASE_LIMIT_LOCAL_ONLY,True,REAL_CUDA_IR,True,100,0,1600,578,68687045,29.473932529,29.349609040000132,37,61,0,,True,f52571005e8eb829dc8523c1569f66cab3f4be0454e3abb6ed3ed5f2ef62ff88
79,11,A_NO_STATE,1678942432,100,COMPLETE_CASE_LIMIT_LOCAL_ONLY,True,REAL_CUDA_IR,True,100,0,1600,120,15764191,10.965827342,10.939435344000003,37,48,0,,True,6017362df456a25da6d1b4f78ec654cf124ce6ef0279ad842e5774184f507304
80,11,A_NO_VALIDITY_GUIDANCE,1678942432,100,COMPLETE_CASE_LIMIT_LOCAL_ONLY,True,REAL_CUDA_IR,True,13,87,1600,74,38754547,27.73802776,27.679776818999926,33,61,0,,True,e00e6d575d6c2f77365f635a6b3a7254b19c3d858b6b62264f73bf9050db0734
81,11,B1,1678942432,100,COMPLETE_CASE_LIMIT_LOCAL_ONLY,True,REAL_CUDA_IR,True,85,15,100,93,18232679,2.448816871,2.4192065869999624,34,48,0,,True,68e3de0f767043e0233534bf0b316205ee53c39436e7503dbdfc0f5d6eb5858e
82,11,B2,1678942432,100,COMPLETE_CASE_LIMIT_LOCAL_ONLY,True,REAL_CUDA_IR,True,76,24,100,360,107203166,9.760932373,9.573618518999865,36,61,0,,True,ffb59e6d7dee1ea59276a3c09cf961e82438bc471542c4e73ae11e1f6bdcee0a
83,11,A_NO_DIVERSITY,1678942432,100,COMPLETE_CASE_LIMIT_LOCAL_ONLY,True,REAL_CUDA_IR,True,100,0,1600,370,30443745,28.261006492,28.21536428499985,37,61,0,,True,4a99bf15397cabeec46f1a4a13c128c3740017ef9dc5be709a26134f3df1bfb0
84,12,B2,1986440928,100,COMPLETE_CASE_LIMIT_LOCAL_ONLY,True,REAL_CUDA_IR,True,81,19,100,423,56137903,5.46736701,5.386783078000008,34,61,0,,True,a5ba319fc04de8a2c3a1378bb42b9b5edbed0e565d3d64a54fec469359bed9ba
85,12,B1,1986440928,100,COMPLETE_CASE_LIMIT_LOCAL_ONLY,True,REAL_CUDA_IR,True,87,13,100,94,11702350,2.220952643,2.200391800000034,34,48,0,,True,45e1f127658c1dca3eca62865de341954a0d9322b2e70d03f747300ddd04c08e
86,12,B3,1986440928,100,COMPLETE_CASE_LIMIT_LOCAL_ONLY,True,REAL_CUDA_IR,True,100,0,1600,463,51185680,31.38195334,31.294508426999982,37,61,0,,True,665eb9ea32adb81df986d8ee1961d71669ae225db12ddf3449ab3f1cc514ce64
87,12,A_NO_STATE,1986440928,100,COMPLETE_CASE_LIMIT_LOCAL_ONLY,True,REAL_CUDA_IR,True,100,0,1600,120,13007392,10.016557949,9.993315334000044,37,48,0,,True,fdc5a6e5a3f76c412b22f4cbb2fd1441375762529d2f45083766a0265c6a4994
88,12,A_NO_VALIDITY_GUIDANCE,1986440928,100,COMPLETE_CASE_LIMIT_LOCAL_ONLY,True,REAL_CUDA_IR,True,13,87,1600,69,32423917,29.060169107,29.0103407900001,32,61,0,,True,3131f4c11b825a1f597e95d2d4e5403ae1c8d22a80eb4de03d67a887459a1b5d
89,12,A_NO_DIVERSITY,1986440928,100,COMPLETE_CASE_LIMIT_LOCAL_ONLY,True,REAL_CUDA_IR,True,100,0,1600,459,51743328,32.552686184,32.46773573899986,37,61,0,,True,8585e75ce2d0787f217c0fc7aed0267f87facda6775ecff84bc5c6a4dbff3a3f
90,12,B4,1986440928,100,COMPLETE_CASE_LIMIT_LOCAL_ONLY,True,REAL_CUDA_IR,True,100,0,1600,562,84537453,32.702744448,32.551811759999964,37,61,0,,True,34b49c75f060bfaae02ef240e14930a5a2f9405ed89c4970be87783183387825
91,13,A_NO_STATE,1941779840,100,COMPLETE_CASE_LIMIT_LOCAL_ONLY,True,REAL_CUDA_IR,True,100,0,1600,120,14884973,9.919361982,9.89419921700005,37,48,0,,True,144b4837df9b44d81533cf268783aa193685569cc1d1824e9817f31b6d3ecb47
92,13,B1,1941779840,100,COMPLETE_CASE_LIMIT_LOCAL_ONLY,True,REAL_CUDA_IR,True,90,10,100,106,10571087,1.955387564,1.9358699480001178,35,48,0,,True,74a427b5a84d94c02bf1b7c79aa10e3d2ac8c0fedc61236d4979abc54818ac5a
93,13,A_NO_VALIDITY_GUIDANCE,1941779840,100,COMPLETE_CASE_LIMIT_LOCAL_ONLY,True,REAL_CUDA_IR,True,7,93,1600,27,27042720,24.201887045,24.159740330999966,26,61,0,,True,afed85be18211a330e69471e1b0d77fe805c4bcdf8e14c162ff1953485811209
94,13,B3,1941779840,100,COMPLETE_CASE_LIMIT_LOCAL_ONLY,True,REAL_CUDA_IR,True,100,0,1600,441,72740144,28.226823289,28.097220463999975,37,61,0,,True,cc54b59cbcb4dcefac082ecbef9621036b5562f2e812a499170f491884018265
95,13,A_NO_DIVERSITY,1941779840,100,COMPLETE_CASE_LIMIT_LOCAL_ONLY,True,REAL_CUDA_IR,True,100,0,1600,456,73691086,28.688882397,28.55620199100008,37,61,0,,True,9ebb923f66af416ed3c8eb98760bad18decc8e5cf84a98c3a0856bec86429839
96,13,B2,1941779840,100,COMPLETE_CASE_LIMIT_LOCAL_ONLY,True,REAL_CUDA_IR,True,81,19,100,352,56352447,5.81386031,5.733930198000053,33,61,0,,True,e5fa22d25cc9453e7bafff90600b66befc0ac0088fd1c7e60e7035b5f6fbc818
97,13,B4,1941779840,100,COMPLETE_CASE_LIMIT_LOCAL_ONLY,True,REAL_CUDA_IR,True,100,0,1600,572,103590410,29.303594838,29.121421924999822,37,61,0,,True,6e9f5ce7483af55590768e74ac89f57af7f2ee304bee4d18c9bb7689fa8a04cb
98,14,A_NO_DIVERSITY,2084761395,100,COMPLETE_CASE_LIMIT_LOCAL_ONLY,True,REAL_CUDA_IR,True,100,0,1600,344,55384335,27.825084474,27.745891181999923,37,61,0,,True,0efcd5abaa9730f47d670271f02839234b3ba1204048beb29dac7263133ed32f
99,14,B1,2084761395,100,COMPLETE_CASE_LIMIT_LOCAL_ONLY,True,REAL_CUDA_IR,True,84,16,100,95,15679828,2.256227512,2.229910817000018,36,48,0,,True,62efa1c6e2c9992a769031106158bab23ed69dff69381f14ee39339eebc68d0a
100,14,A_NO_VALIDITY_GUIDANCE,2084761395,100,COMPLETE_CASE_LIMIT_LOCAL_ONLY,True,REAL_CUDA_IR,True,8,92,1600,44,11641106,24.54551837,24.524857324000095,28,61,0,,True,00593cb393ba48ac85b3a4e49124adcb06b027897ddca6ea63454c3069680491
101,14,B3,2084761395,100,COMPLETE_CASE_LIMIT_LOCAL_ONLY,True,REAL_CUDA_IR,True,100,0,1600,345,47193893,28.057322991,27.989000887999737,37,61,0,,True,36a895c3957f03e8e082b5fad78cb6f328d9256150d8202453fb400c81c1dd25
102,14,B2,2084761395,100,COMPLETE_CASE_LIMIT_LOCAL_ONLY,True,REAL_CUDA_IR,True,82,18,100,317,39218273,4.803102395,4.7458888860001025,35,61,0,,True,bbe3a868a57b98cbe1d96f682cef463622982902b01e91e3fc414f1b2305f401
103,14,A_NO_STATE,2084761395,100,COMPLETE_CASE_LIMIT_LOCAL_ONLY,True,REAL_CUDA_IR,True,100,0,1600,120,13815256,9.503371678,9.479850358000022,37,48,0,,True,670122014466abf891e9ea8dd371ca5087b7305f6ba0450a04dea08fecc21ff0
104,14,B4,2084761395,100,COMPLETE_CASE_LIMIT_LOCAL_ONLY,True,REAL_CUDA_IR,True,100,0,1600,567,100689457,29.525749724,29.349055463999775,37,61,0,,True,1ae6d44cee5c3b8be37ba59b35662189c0f0c2dbc4a03b3e3dfbde441a289248
105,15,B4,1801128642,100,COMPLETE_CASE_LIMIT_LOCAL_ONLY,True,REAL_CUDA_IR,True,100,0,1600,584,70871239,38.312117889,38.18424581699992,37,61,0,,True,d45785b7590debeb6016cff9e651e80beafbe6d09261adea2a301f004d47f36d
106,15,B1,1801128642,100,COMPLETE_CASE_LIMIT_LOCAL_ONLY,True,REAL_CUDA_IR,True,86,14,100,94,19453508,2.575474535,2.544094707000113,37,48,0,,True,da7f8b14b0c28b3aeaaddc9f4f18c86ec9801bcbada615c02d9b6c57ecc80c19
107,15,A_NO_STATE,1801128642,100,COMPLETE_CASE_LIMIT_LOCAL_ONLY,True,REAL_CUDA_IR,True,100,0,1600,120,21217424,10.234144954,10.19931703500015,37,48,0,,True,21775af52c5d48e574358725d18cf0a65c429d4face53a1fefa26398d0a2dcd4
108,15,B2,1801128642,100,COMPLETE_CASE_LIMIT_LOCAL_ONLY,True,REAL_CUDA_IR,True,82,18,100,304,51846296,4.950612987,4.85207828700004,36,61,0,,True,b94d81763a955dfc74c82bf5d449bccf988ea1b96c4dff7483c7182d8b596ea4
109,15,B3,1801128642,100,COMPLETE_CASE_LIMIT_LOCAL_ONLY,True,REAL_CUDA_IR,True,100,0,1600,434,68148016,38.527081559,38.40200456100001,37,61,0,,True,f5de8194568dd236e634210054c9a77dea4fa7a57230e20de598824d5c623be6
110,15,A_NO_VALIDITY_GUIDANCE,1801128642,100,COMPLETE_CASE_LIMIT_LOCAL_ONLY,True,REAL_CUDA_IR,True,13,87,1600,67,44291962,35.390498323,35.32684244400025,33,61,0,,True,0e8956770b97789c436aa5920f73034bf2db2e8b5ff0294c731769ec91d78d06
111,15,A_NO_DIVERSITY,1801128642,100,COMPLETE_CASE_LIMIT_LOCAL_ONLY,True,REAL_CUDA_IR,True,100,0,1600,427,66387653,38.25674058,38.13705805100017,37,61,0,,True,9bc8119db7e7eec80e27c498bc8188784861b3ecc3f8bfc9c5253f596ea6e0e4
112,16,B4,2031848032,100,COMPLETE_CASE_LIMIT_LOCAL_ONLY,True,REAL_CUDA_IR,True,100,0,1600,572,98866186,36.956774356,36.78238650000003,37,61,0,,True,25ee0908f5fa40fd3e592f0a082a70344837a3b14e20ed23605cc7a837acf847
113,16,A_NO_VALIDITY_GUIDANCE,2031848032,100,COMPLETE_CASE_LIMIT_LOCAL_ONLY,True,REAL_CUDA_IR,True,14,86,1600,87,48550451,32.208745294,32.13973798999996,32,61,0,,True,7b5307753ee6f0c6111a31fb3c1ec9769deb8b8017a83d2a477c81d49e44372c
114,16,A_NO_DIVERSITY,2031848032,100,COMPLETE_CASE_LIMIT_LOCAL_ONLY,True,REAL_CUDA_IR,True,100,0,1600,378,55232887,34.667282534,34.58658662500011,37,61,0,,True,b03ab5b253c1746d09c9424aefca575a8e5aa33ac2290275769efd7593af049b
115,16,A_NO_STATE,2031848032,100,COMPLETE_CASE_LIMIT_LOCAL_ONLY,True,REAL_CUDA_IR,True,100,0,1600,120,9885012,9.21413466,9.19557127500002,37,48,0,,True,b2a36c6d4631213635a2abfb99ea8671121c1300ab94b208046ebda4c0e7e6ed
116,16,B3,2031848032,100,COMPLETE_CASE_LIMIT_LOCAL_ONLY,True,REAL_CUDA_IR,True,100,0,1600,370,54812251,34.462564984,34.3838233270003,37,61,0,,True,1b377bd1ee65d203dec81ab81b725d14f4707114a30d460ea7c2c80728eb722d
117,16,B2,2031848032,100,COMPLETE_CASE_LIMIT_LOCAL_ONLY,True,REAL_CUDA_IR,True,81,19,100,342,34557624,3.691815764,3.635478393000085,36,61,0,,True,16a46312f71474838f03784c9d35027e3af60faaeea8aa573c6d511322779a22
118,16,B1,2031848032,100,COMPLETE_CASE_LIMIT_LOCAL_ONLY,True,REAL_CUDA_IR,True,83,17,100,93,10108768,2.259125229,2.2401325330001782,35,48,0,,True,57db0591c63114311ad0442c07d9e726a5ea9f8a0e5317dd3dc9fa498e406724
119,17,A_NO_VALIDITY_GUIDANCE,403451752,100,COMPLETE_CASE_LIMIT_LOCAL_ONLY,True,REAL_CUDA_IR,True,12,88,1600,53,29383938,26.280343789,26.23610163300009,32,61,0,,True,877812db8974c39c100e67f98b00423e500ba415757e6c464e03a2131f873d60
120,17,B3,403451752,100,COMPLETE_CASE_LIMIT_LOCAL_ONLY,True,REAL_CUDA_IR,True,100,0,1600,346,49601985,28.750917143,28.676142888999948,37,61,0,,True,9968fb991a14136a4be59cd6964362f260e2b3f47e9b80c1c294f098c76049a9
121,17,B1,403451752,100,COMPLETE_CASE_LIMIT_LOCAL_ONLY,True,REAL_CUDA_IR,True,85,15,100,93,11307515,2.007974867,1.9876746369996,37,48,0,,True,8527b641488a23a8e7046124ed9e69aebf1582e489b7cbbff0fd3f0cc3342b0d
122,17,A_NO_DIVERSITY,403451752,100,COMPLETE_CASE_LIMIT_LOCAL_ONLY,True,REAL_CUDA_IR,True,100,0,1600,349,44900430,28.067096875,28.002158879000035,37,61,0,,True,f634a506c890b7d5083317ac099b1b339b9c2f9aebc27d206066b0ee2c4083ce
123,17,A_NO_STATE,403451752,100,COMPLETE_CASE_LIMIT_LOCAL_ONLY,True,REAL_CUDA_IR,True,100,0,1600,120,13704526,8.616656648,8.592683821999799,37,48,0,,True,4fae5588df9cfc08bc6dc87f8723924dfbae8e90d99013e17c63cb2280d8b601
124,17,B4,403451752,100,COMPLETE_CASE_LIMIT_LOCAL_ONLY,True,REAL_CUDA_IR,True,100,0,1600,560,86724316,30.391730973,30.236127810999733,37,61,0,,True,ef9381565b7dab654dbb3d23cc67a06e79642246eca565b4f3981549c0abf07c
125,17,B2,403451752,100,COMPLETE_CASE_LIMIT_LOCAL_ONLY,True,REAL_CUDA_IR,True,91,9,100,373,49270868,4.987174081,4.916988148999735,37,61,0,,True,d47216f96e70d1625cd8068fb9efaae9166640c16600d3b06df584427ae975b2
126,18,B1,538156373,100,COMPLETE_CASE_LIMIT_LOCAL_ONLY,True,REAL_CUDA_IR,True,88,12,100,101,10928490,2.26335758,2.2428453450002053,34,48,0,,True,4f3cc7de4c9ddd612ecc0ec7ddb4fb1bdccdc6d95f8cc7a177a24e2b112ccc6f
127,18,A_NO_DIVERSITY,538156373,100,COMPLETE_CASE_LIMIT_LOCAL_ONLY,True,REAL_CUDA_IR,True,100,0,1600,365,47543363,29.210450886,29.142298106999988,37,61,0,,True,f370723c9fff3c41553f14868bf1b4ff7b6be1703473d0336ea655b80eb57849
128,18,A_NO_STATE,538156373,100,COMPLETE_CASE_LIMIT_LOCAL_ONLY,True,REAL_CUDA_IR,True,100,0,1600,120,18610203,8.592289386,8.561231275999944,37,48,0,,True,8123321a306977ec6a4ce9b4575841f347b3a00a0257c38875822755be16c42d
129,18,B3,538156373,100,COMPLETE_CASE_LIMIT_LOCAL_ONLY,True,REAL_CUDA_IR,True,100,0,1600,355,47479321,29.005520036,28.936843843000133,37,61,0,,True,c549e6977b71a6d744158f4e694afe2852b54a4773343ea89bdae7d0ddee2194
130,18,A_NO_VALIDITY_GUIDANCE,538156373,100,COMPLETE_CASE_LIMIT_LOCAL_ONLY,True,REAL_CUDA_IR,True,11,89,1600,62,49324757,29.744390823,29.674087188000158,30,61,0,,True,89f1a466f204fc04483c3d899f4b351cd0564c1457d1a001100d61e413d9b7d2
131,18,B4,538156373,100,COMPLETE_CASE_LIMIT_LOCAL_ONLY,True,REAL_CUDA_IR,True,100,0,1600,567,41154801,30.354089038,30.293555856999774,37,61,0,,True,3ae987b4bf4440e7788087c7c3a0be0f3088b6a858c4806f9b69c86c6d6bb38f
132,18,B2,538156373,100,COMPLETE_CASE_LIMIT_LOCAL_ONLY,True,REAL_CUDA_IR,True,85,15,100,392,39598575,3.939042622,3.881547520999902,34,61,0,,True,11545b9ff32a115c462319566f6eab97a5f939a26dce2655c1714423a4a9c7db
133,19,B4,348228706,100,COMPLETE_CASE_LIMIT_LOCAL_ONLY,True,REAL_CUDA_IR,True,100,0,1600,566,80567268,31.432435286,31.28495203600005,37,61,0,,True,d79d521338d6083668ce2badbf8780c4c5dafaddf53912e52cf7434155e72808
134,19,A_NO_VALIDITY_GUIDANCE,348228706,100,COMPLETE_CASE_LIMIT_LOCAL_ONLY,True,REAL_CUDA_IR,True,12,88,1600,62,39183307,28.641543036,28.579945826999847,31,61,0,,True,ec6827538ccba4249bb95a969c4116e4a9cc866db0b54392ed5c0be26348a52c
135,19,A_NO_DIVERSITY,348228706,100,COMPLETE_CASE_LIMIT_LOCAL_ONLY,True,REAL_CUDA_IR,True,100,0,1600,394,78900388,30.623564872,30.481445961999725,37,61,0,,True,ebb3292bb7291f72edcb38838992ed1c5b675e9b08db375b1da409ce23449c9b
136,19,B3,348228706,100,COMPLETE_CASE_LIMIT_LOCAL_ONLY,True,REAL_CUDA_IR,True,100,0,1600,373,78840926,31.66092325,31.52033677999998,37,61,0,,True,0fa80ba0cee450e12bbad98c728ad537493ab672de943f89609a459b08dedd4e
137,19,B2,348228706,100,COMPLETE_CASE_LIMIT_LOCAL_ONLY,True,REAL_CUDA_IR,True,84,16,100,304,37472618,4.010302282,3.9541572159996576,34,61,0,,True,52c810762f210404f327efe674a5889f51b45910b63dbb481a1a7d6f9796216f
138,19,A_NO_STATE,348228706,100,COMPLETE_CASE_LIMIT_LOCAL_ONLY,True,REAL_CUDA_IR,True,100,0,1600,120,16666412,9.154216855,9.126624032999644,37,48,0,,True,173c9f34af2307bc6dd7caee246211bd3d12ff6eaa15ede777785e6fdb0786a7
139,19,B1,348228706,100,COMPLETE_CASE_LIMIT_LOCAL_ONLY,True,REAL_CUDA_IR,True,80,20,100,87,14451307,2.166747259,2.14202551399967,34,48,0,,True,13723390132be43ff5f60221cd84aaccb44099c57f175374de0c515b66f5f7f3
