baseline,family,metric,independent_paired_blocks,mean_difference_B4_minus_baseline,bootstrap95_lower,bootstrap95_upper,detection_mcnemar_p,detection_holm_p
A_NO_DIVERSITY,DESCRIPTIVE_ABLATION,confirmed_distinct_defects,20,0.0,0.0,0.0,,
A_NO_DIVERSITY,DESCRIPTIVE_ABLATION,detection_probability,20,0.0,0.0,0.0,,
A_NO_DIVERSITY,DESCRIPTIVE_ABLATION,structural_coverage,20,0.0,0.0,0.0,,
A_NO_DIVERSITY,DESCRIPTIVE_ABLATION,temporal_coverage,20,0.0,0.0,0.0,,
A_NO_DIVERSITY,DESCRIPTIVE_ABLATION,valid_selected_fraction,20,0.0,0.0,0.0,,
A_NO_DIVERSITY,DESCRIPTIVE_ABLATION,whole_job_seconds,20,0.7028488438999995,0.14321910826750014,1.2748907147249984,,
A_NO_STATE,DESCRIPTIVE_ABLATION,confirmed_distinct_defects,20,0.0,0.0,0.0,,
A_NO_STATE,DESCRIPTIVE_ABLATION,detection_probability,20,0.0,0.0,0.0,,
A_NO_STATE,DESCRIPTIVE_ABLATION,structural_coverage,20,0.0,0.0,0.0,,
A_NO_STATE,DESCRIPTIVE_ABLATION,temporal_coverage,20,13.0,13.0,13.0,,
A_NO_STATE,DESCRIPTIVE_ABLATION,valid_selected_fraction,20,0.0,0.0,0.0,,
A_NO_STATE,DESCRIPTIVE_ABLATION,whole_job_seconds,20,22.9150363057,21.6444913372475,24.19682872999,,
A_NO_VALIDITY_GUIDANCE,DESCRIPTIVE_ABLATION,confirmed_distinct_defects,20,0.0,0.0,0.0,,
A_NO_VALIDITY_GUIDANCE,DESCRIPTIVE_ABLATION,detection_probability,20,0.0,0.0,0.0,,
A_NO_VALIDITY_GUIDANCE,DESCRIPTIVE_ABLATION,structural_coverage,20,6.45,5.55,7.4,,
A_NO_VALIDITY_GUIDANCE,DESCRIPTIVE_ABLATION,temporal_coverage,20,0.0,0.0,0.0,,
A_NO_VALIDITY_GUIDANCE,DESCRIPTIVE_ABLATION,valid_selected_fraction,20,0.8895,0.8805,0.899,,
A_NO_VALIDITY_GUIDANCE,DESCRIPTIVE_ABLATION,whole_job_seconds,20,3.546925594599999,2.9142109678974997,4.161305805072497,,
B1,PRIMARY_B4_VS_B1_B2_B3,confirmed_distinct_defects,20,0.0,0.0,0.0,,
B1,PRIMARY_B4_VS_B1_B2_B3,detection_probability,20,0.0,0.0,0.0,1.0,1.0
B1,PRIMARY_B4_VS_B1_B2_B3,structural_coverage,20,2.05,1.55,2.55,,
B1,PRIMARY_B4_VS_B1_B2_B3,temporal_coverage,20,13.0,13.0,13.0,,
B1,PRIMARY_B4_VS_B1_B2_B3,valid_selected_fraction,20,0.14500000000000002,0.132,0.15851249999999983,,
B1,PRIMARY_B4_VS_B1_B2_B3,whole_job_seconds,20,30.361009033099997,29.12084603540375,31.62543836385375,,
B2,PRIMARY_B4_VS_B1_B2_B3,confirmed_distinct_defects,20,0.0,0.0,0.0,,
B2,PRIMARY_B4_VS_B1_B2_B3,detection_probability,20,0.0,0.0,0.0,1.0,1.0
B2,PRIMARY_B4_VS_B1_B2_B3,structural_coverage,20,1.95,1.3,2.65,,
B2,PRIMARY_B4_VS_B1_B2_B3,temporal_coverage,20,0.0,0.0,0.0,,
B2,PRIMARY_B4_VS_B1_B2_B3,valid_selected_fraction,20,0.154,0.13648749999999998,0.17099999999999999,,
B2,PRIMARY_B4_VS_B1_B2_B3,whole_job_seconds,20,27.38608548465,25.875904899991248,28.888117738475,,
B3,PRIMARY_B4_VS_B1_B2_B3,confirmed_distinct_defects,20,0.0,0.0,0.0,,
B3,PRIMARY_B4_VS_B1_B2_B3,detection_probability,20,0.0,0.0,0.0,1.0,1.0
B3,PRIMARY_B4_VS_B1_B2_B3,structural_coverage,20,0.0,0.0,0.0,,
B3,PRIMARY_B4_VS_B1_B2_B3,temporal_coverage,20,0.0,0.0,0.0,,
B3,PRIMARY_B4_VS_B1_B2_B3,valid_selected_fraction,20,0.0,0.0,0.0,,
B3,PRIMARY_B4_VS_B1_B2_B3,whole_job_seconds,20,0.7864908047500002,0.11450800944375036,1.4556700983699993,,
