run_id,block,seed,scenario,variant,activated,execution_status,classification,expected_buffer_id,expected_generation,expected_payload_tag,observed_buffer_id,observed_generation,observed_payload_tag,worker_seconds,detector_microseconds,image,scientific_source_commit,driver,kernel,cc_mode,cc_environment,secure_boot
0,0,71000,L1,L1,True,CUDA_SUCCESS,STATE_CONTINUITY_VIOLATION,1,2,d1d02a324f3bd135948220fbdf5641d7b276896a3be4b7d4a2ff80ad6ed3c5f3,1,1,d2a8aa76ecb0f31347ec97e8b6c726d029d09137b20ae5ba519e29f341ea8c32,1.325543024,63.702,ghcr.io/ihsenalaya/cc-contract-continuity@sha256:fd60712704b01ca33988aa2734fc0da8cc7c0041eb57669c9237be87df9cc068,ddff8775705a85c278d208b1ba504d18226b7551,"595.91.07, NVIDIA H100 NVL",6.8.0-1066-azure-fde,CC status: ON,CC Environment: PRODUCTION,SecureBoot enabled
1,0,71000,C2,C2,True,CUDA_SUCCESS,STATE_CONTINUITY_VIOLATION,1,2,d1d02a324f3bd135948220fbdf5641d7b276896a3be4b7d4a2ff80ad6ed3c5f3,2,2,94bc9ca2797d6805ced80a5b9b0946a5b73ad8d135e7334d30fab9ebb87bc43f,0.929164141,42.201,ghcr.io/ihsenalaya/cc-contract-continuity@sha256:fd60712704b01ca33988aa2734fc0da8cc7c0041eb57669c9237be87df9cc068,ddff8775705a85c278d208b1ba504d18226b7551,"595.91.07, NVIDIA H100 NVL",6.8.0-1066-azure-fde,CC status: ON,CC Environment: PRODUCTION,SecureBoot enabled
2,0,71000,C1,C1,True,CUDA_SUCCESS,STATE_CONTINUITY_VIOLATION,1,2,d1d02a324f3bd135948220fbdf5641d7b276896a3be4b7d4a2ff80ad6ed3c5f3,1,1,d2a8aa76ecb0f31347ec97e8b6c726d029d09137b20ae5ba519e29f341ea8c32,0.932476028,38.401,ghcr.io/ihsenalaya/cc-contract-continuity@sha256:fd60712704b01ca33988aa2734fc0da8cc7c0041eb57669c9237be87df9cc068,ddff8775705a85c278d208b1ba504d18226b7551,"595.91.07, NVIDIA H100 NVL",6.8.0-1066-azure-fde,CC status: ON,CC Environment: PRODUCTION,SecureBoot enabled
3,0,71000,L2,L2,True,CUDA_SUCCESS,STATE_CONTINUITY_VIOLATION,1,2,d1d02a324f3bd135948220fbdf5641d7b276896a3be4b7d4a2ff80ad6ed3c5f3,1,1,d2a8aa76ecb0f31347ec97e8b6c726d029d09137b20ae5ba519e29f341ea8c32,0.93446528,39.901,ghcr.io/ihsenalaya/cc-contract-continuity@sha256:fd60712704b01ca33988aa2734fc0da8cc7c0041eb57669c9237be87df9cc068,ddff8775705a85c278d208b1ba504d18226b7551,"595.91.07, NVIDIA H100 NVL",6.8.0-1066-azure-fde,CC status: ON,CC Environment: PRODUCTION,SecureBoot enabled
4,0,71000,HEALTHY,L1,False,CUDA_SUCCESS,PASS,1,2,d1d02a324f3bd135948220fbdf5641d7b276896a3be4b7d4a2ff80ad6ed3c5f3,1,2,d1d02a324f3bd135948220fbdf5641d7b276896a3be4b7d4a2ff80ad6ed3c5f3,0.931764509,42.101,ghcr.io/ihsenalaya/cc-contract-continuity@sha256:fd60712704b01ca33988aa2734fc0da8cc7c0041eb57669c9237be87df9cc068,ddff8775705a85c278d208b1ba504d18226b7551,"595.91.07, NVIDIA H100 NVL",6.8.0-1066-azure-fde,CC status: ON,CC Environment: PRODUCTION,SecureBoot enabled
5,1,71001,L2,L2,True,CUDA_SUCCESS,STATE_CONTINUITY_VIOLATION,1,2,176278ef380e97b3edb748cef520d31d1a5e9e5f5222314e50568fe5287d73b2,1,1,fb8a863f973a52f5e8c3e407e6d543c1972c30f210a113f6e070c1ed042788a3,0.926333267,39.201,ghcr.io/ihsenalaya/cc-contract-continuity@sha256:fd60712704b01ca33988aa2734fc0da8cc7c0041eb57669c9237be87df9cc068,ddff8775705a85c278d208b1ba504d18226b7551,"595.91.07, NVIDIA H100 NVL",6.8.0-1066-azure-fde,CC status: ON,CC Environment: PRODUCTION,SecureBoot enabled
6,1,71001,HEALTHY,L2,False,CUDA_SUCCESS,PASS,1,2,176278ef380e97b3edb748cef520d31d1a5e9e5f5222314e50568fe5287d73b2,1,2,176278ef380e97b3edb748cef520d31d1a5e9e5f5222314e50568fe5287d73b2,0.932907239,39.001,ghcr.io/ihsenalaya/cc-contract-continuity@sha256:fd60712704b01ca33988aa2734fc0da8cc7c0041eb57669c9237be87df9cc068,ddff8775705a85c278d208b1ba504d18226b7551,"595.91.07, NVIDIA H100 NVL",6.8.0-1066-azure-fde,CC status: ON,CC Environment: PRODUCTION,SecureBoot enabled
7,1,71001,C1,C1,True,CUDA_SUCCESS,STATE_CONTINUITY_VIOLATION,1,2,176278ef380e97b3edb748cef520d31d1a5e9e5f5222314e50568fe5287d73b2,1,1,fb8a863f973a52f5e8c3e407e6d543c1972c30f210a113f6e070c1ed042788a3,0.932112118,39.401,ghcr.io/ihsenalaya/cc-contract-continuity@sha256:fd60712704b01ca33988aa2734fc0da8cc7c0041eb57669c9237be87df9cc068,ddff8775705a85c278d208b1ba504d18226b7551,"595.91.07, NVIDIA H100 NVL",6.8.0-1066-azure-fde,CC status: ON,CC Environment: PRODUCTION,SecureBoot enabled
8,1,71001,C2,C2,True,CUDA_SUCCESS,STATE_CONTINUITY_VIOLATION,1,2,176278ef380e97b3edb748cef520d31d1a5e9e5f5222314e50568fe5287d73b2,2,2,49d63f88c63c451ecca8772e56df25623264ec432649672e292c937c58a1d109,0.931203594,104.503,ghcr.io/ihsenalaya/cc-contract-continuity@sha256:fd60712704b01ca33988aa2734fc0da8cc7c0041eb57669c9237be87df9cc068,ddff8775705a85c278d208b1ba504d18226b7551,"595.91.07, NVIDIA H100 NVL",6.8.0-1066-azure-fde,CC status: ON,CC Environment: PRODUCTION,SecureBoot enabled
9,1,71001,L1,L1,True,CUDA_SUCCESS,STATE_CONTINUITY_VIOLATION,1,2,176278ef380e97b3edb748cef520d31d1a5e9e5f5222314e50568fe5287d73b2,1,1,fb8a863f973a52f5e8c3e407e6d543c1972c30f210a113f6e070c1ed042788a3,0.935379003,39.001,ghcr.io/ihsenalaya/cc-contract-continuity@sha256:fd60712704b01ca33988aa2734fc0da8cc7c0041eb57669c9237be87df9cc068,ddff8775705a85c278d208b1ba504d18226b7551,"595.91.07, NVIDIA H100 NVL",6.8.0-1066-azure-fde,CC status: ON,CC Environment: PRODUCTION,SecureBoot enabled
10,2,71002,HEALTHY,C1,False,CUDA_SUCCESS,PASS,1,2,d47d32815048cfe59de276bc304f974b46438388478cb05bc42f7a3dbc8ff83c,1,2,d47d32815048cfe59de276bc304f974b46438388478cb05bc42f7a3dbc8ff83c,0.932079817,39.701,ghcr.io/ihsenalaya/cc-contract-continuity@sha256:fd60712704b01ca33988aa2734fc0da8cc7c0041eb57669c9237be87df9cc068,ddff8775705a85c278d208b1ba504d18226b7551,"595.91.07, NVIDIA H100 NVL",6.8.0-1066-azure-fde,CC status: ON,CC Environment: PRODUCTION,SecureBoot enabled
11,2,71002,L1,L1,True,CUDA_SUCCESS,STATE_CONTINUITY_VIOLATION,1,2,d47d32815048cfe59de276bc304f974b46438388478cb05bc42f7a3dbc8ff83c,1,1,dd4e22ba30d028d6d5165cb0127434d3b26af7cdfbce4a30697c539935e92732,0.93408177,38.801,ghcr.io/ihsenalaya/cc-contract-continuity@sha256:fd60712704b01ca33988aa2734fc0da8cc7c0041eb57669c9237be87df9cc068,ddff8775705a85c278d208b1ba504d18226b7551,"595.91.07, NVIDIA H100 NVL",6.8.0-1066-azure-fde,CC status: ON,CC Environment: PRODUCTION,SecureBoot enabled
12,2,71002,L2,L2,True,CUDA_SUCCESS,STATE_CONTINUITY_VIOLATION,1,2,d47d32815048cfe59de276bc304f974b46438388478cb05bc42f7a3dbc8ff83c,1,1,dd4e22ba30d028d6d5165cb0127434d3b26af7cdfbce4a30697c539935e92732,0.93067928,38.401,ghcr.io/ihsenalaya/cc-contract-continuity@sha256:fd60712704b01ca33988aa2734fc0da8cc7c0041eb57669c9237be87df9cc068,ddff8775705a85c278d208b1ba504d18226b7551,"595.91.07, NVIDIA H100 NVL",6.8.0-1066-azure-fde,CC status: ON,CC Environment: PRODUCTION,SecureBoot enabled
13,2,71002,C2,C2,True,CUDA_SUCCESS,STATE_CONTINUITY_VIOLATION,1,2,d47d32815048cfe59de276bc304f974b46438388478cb05bc42f7a3dbc8ff83c,2,2,6d2b0f0d32fb64455bb59fc8fae8c788c564da0b7c365a9ca5e00b817cdb9599,0.941243758,38.701,ghcr.io/ihsenalaya/cc-contract-continuity@sha256:fd60712704b01ca33988aa2734fc0da8cc7c0041eb57669c9237be87df9cc068,ddff8775705a85c278d208b1ba504d18226b7551,"595.91.07, NVIDIA H100 NVL",6.8.0-1066-azure-fde,CC status: ON,CC Environment: PRODUCTION,SecureBoot enabled
14,2,71002,C1,C1,True,CUDA_SUCCESS,STATE_CONTINUITY_VIOLATION,1,2,d47d32815048cfe59de276bc304f974b46438388478cb05bc42f7a3dbc8ff83c,1,1,dd4e22ba30d028d6d5165cb0127434d3b26af7cdfbce4a30697c539935e92732,0.937098849,39.601,ghcr.io/ihsenalaya/cc-contract-continuity@sha256:fd60712704b01ca33988aa2734fc0da8cc7c0041eb57669c9237be87df9cc068,ddff8775705a85c278d208b1ba504d18226b7551,"595.91.07, NVIDIA H100 NVL",6.8.0-1066-azure-fde,CC status: ON,CC Environment: PRODUCTION,SecureBoot enabled
15,3,71003,HEALTHY,C2,False,CUDA_SUCCESS,PASS,1,2,0886daa3e2d91493dce2ffc93505a0d49536bce47a8ac5bffe4cba3d81c3d42d,1,2,0886daa3e2d91493dce2ffc93505a0d49536bce47a8ac5bffe4cba3d81c3d42d,0.93486349,39.001,ghcr.io/ihsenalaya/cc-contract-continuity@sha256:fd60712704b01ca33988aa2734fc0da8cc7c0041eb57669c9237be87df9cc068,ddff8775705a85c278d208b1ba504d18226b7551,"595.91.07, NVIDIA H100 NVL",6.8.0-1066-azure-fde,CC status: ON,CC Environment: PRODUCTION,SecureBoot enabled
16,3,71003,L1,L1,True,CUDA_SUCCESS,STATE_CONTINUITY_VIOLATION,1,2,0886daa3e2d91493dce2ffc93505a0d49536bce47a8ac5bffe4cba3d81c3d42d,1,1,dfe14b63566634d0524a6d85f181cb1c486f9f2c7e3d3085e7d5472b456a60f3,0.930353372,38.501,ghcr.io/ihsenalaya/cc-contract-continuity@sha256:fd60712704b01ca33988aa2734fc0da8cc7c0041eb57669c9237be87df9cc068,ddff8775705a85c278d208b1ba504d18226b7551,"595.91.07, NVIDIA H100 NVL",6.8.0-1066-azure-fde,CC status: ON,CC Environment: PRODUCTION,SecureBoot enabled
17,3,71003,L2,L2,True,CUDA_SUCCESS,STATE_CONTINUITY_VIOLATION,1,2,0886daa3e2d91493dce2ffc93505a0d49536bce47a8ac5bffe4cba3d81c3d42d,1,1,dfe14b63566634d0524a6d85f181cb1c486f9f2c7e3d3085e7d5472b456a60f3,0.939861321,39.401,ghcr.io/ihsenalaya/cc-contract-continuity@sha256:fd60712704b01ca33988aa2734fc0da8cc7c0041eb57669c9237be87df9cc068,ddff8775705a85c278d208b1ba504d18226b7551,"595.91.07, NVIDIA H100 NVL",6.8.0-1066-azure-fde,CC status: ON,CC Environment: PRODUCTION,SecureBoot enabled
18,3,71003,C1,C1,True,CUDA_SUCCESS,STATE_CONTINUITY_VIOLATION,1,2,0886daa3e2d91493dce2ffc93505a0d49536bce47a8ac5bffe4cba3d81c3d42d,1,1,dfe14b63566634d0524a6d85f181cb1c486f9f2c7e3d3085e7d5472b456a60f3,0.937428458,38.101,ghcr.io/ihsenalaya/cc-contract-continuity@sha256:fd60712704b01ca33988aa2734fc0da8cc7c0041eb57669c9237be87df9cc068,ddff8775705a85c278d208b1ba504d18226b7551,"595.91.07, NVIDIA H100 NVL",6.8.0-1066-azure-fde,CC status: ON,CC Environment: PRODUCTION,SecureBoot enabled
19,3,71003,C2,C2,True,CUDA_SUCCESS,STATE_CONTINUITY_VIOLATION,1,2,0886daa3e2d91493dce2ffc93505a0d49536bce47a8ac5bffe4cba3d81c3d42d,2,2,555b2e05b0841238d4d94772970c24241e58ca8eae2e46d6bf46fd9d6a3d858c,0.939108402,38.501,ghcr.io/ihsenalaya/cc-contract-continuity@sha256:fd60712704b01ca33988aa2734fc0da8cc7c0041eb57669c9237be87df9cc068,ddff8775705a85c278d208b1ba504d18226b7551,"595.91.07, NVIDIA H100 NVL",6.8.0-1066-azure-fde,CC status: ON,CC Environment: PRODUCTION,SecureBoot enabled
20,4,71004,C1,C1,True,CUDA_SUCCESS,STATE_CONTINUITY_VIOLATION,1,2,5d5a2d4688c3f7db0bb8a76818f13822721d21c827db49f39468b1c18d2b048e,1,1,c420a82f45e6dc966da1eb0918a96aee9fc2a3599bca5a95b00e0a8b8e3cb732,0.937257453,39.601,ghcr.io/ihsenalaya/cc-contract-continuity@sha256:fd60712704b01ca33988aa2734fc0da8cc7c0041eb57669c9237be87df9cc068,ddff8775705a85c278d208b1ba504d18226b7551,"595.91.07, NVIDIA H100 NVL",6.8.0-1066-azure-fde,CC status: ON,CC Environment: PRODUCTION,SecureBoot enabled
21,4,71004,HEALTHY,L1,False,CUDA_SUCCESS,PASS,1,2,5d5a2d4688c3f7db0bb8a76818f13822721d21c827db49f39468b1c18d2b048e,1,2,5d5a2d4688c3f7db0bb8a76818f13822721d21c827db49f39468b1c18d2b048e,0.936065922,38.501,ghcr.io/ihsenalaya/cc-contract-continuity@sha256:fd60712704b01ca33988aa2734fc0da8cc7c0041eb57669c9237be87df9cc068,ddff8775705a85c278d208b1ba504d18226b7551,"595.91.07, NVIDIA H100 NVL",6.8.0-1066-azure-fde,CC status: ON,CC Environment: PRODUCTION,SecureBoot enabled
22,4,71004,C2,C2,True,CUDA_SUCCESS,STATE_CONTINUITY_VIOLATION,1,2,5d5a2d4688c3f7db0bb8a76818f13822721d21c827db49f39468b1c18d2b048e,2,2,3129c84f7e557173505227c015c668a532101bd41431dba6e9670774557f56df,0.9352422,38.901,ghcr.io/ihsenalaya/cc-contract-continuity@sha256:fd60712704b01ca33988aa2734fc0da8cc7c0041eb57669c9237be87df9cc068,ddff8775705a85c278d208b1ba504d18226b7551,"595.91.07, NVIDIA H100 NVL",6.8.0-1066-azure-fde,CC status: ON,CC Environment: PRODUCTION,SecureBoot enabled
23,4,71004,L2,L2,True,CUDA_SUCCESS,STATE_CONTINUITY_VIOLATION,1,2,5d5a2d4688c3f7db0bb8a76818f13822721d21c827db49f39468b1c18d2b048e,1,1,c420a82f45e6dc966da1eb0918a96aee9fc2a3599bca5a95b00e0a8b8e3cb732,0.932138519,38.701,ghcr.io/ihsenalaya/cc-contract-continuity@sha256:fd60712704b01ca33988aa2734fc0da8cc7c0041eb57669c9237be87df9cc068,ddff8775705a85c278d208b1ba504d18226b7551,"595.91.07, NVIDIA H100 NVL",6.8.0-1066-azure-fde,CC status: ON,CC Environment: PRODUCTION,SecureBoot enabled
24,4,71004,L1,L1,True,CUDA_SUCCESS,STATE_CONTINUITY_VIOLATION,1,2,5d5a2d4688c3f7db0bb8a76818f13822721d21c827db49f39468b1c18d2b048e,1,1,c420a82f45e6dc966da1eb0918a96aee9fc2a3599bca5a95b00e0a8b8e3cb732,0.93601082,39.301,ghcr.io/ihsenalaya/cc-contract-continuity@sha256:fd60712704b01ca33988aa2734fc0da8cc7c0041eb57669c9237be87df9cc068,ddff8775705a85c278d208b1ba504d18226b7551,"595.91.07, NVIDIA H100 NVL",6.8.0-1066-azure-fde,CC status: ON,CC Environment: PRODUCTION,SecureBoot enabled
25,5,71005,L1,L1,True,CUDA_SUCCESS,STATE_CONTINUITY_VIOLATION,1,2,f81a5a6047371f8b1b4dbf2daac86be9209540af4d3bd81a53ae0a57130015b1,1,1,1a6121d938e088e73db19392b1d4d71f6bdd98af26e62821a2d5708050bf4b9d,0.932749735,101.803,ghcr.io/ihsenalaya/cc-contract-continuity@sha256:fd60712704b01ca33988aa2734fc0da8cc7c0041eb57669c9237be87df9cc068,ddff8775705a85c278d208b1ba504d18226b7551,"595.91.07, NVIDIA H100 NVL",6.8.0-1066-azure-fde,CC status: ON,CC Environment: PRODUCTION,SecureBoot enabled
26,5,71005,L2,L2,True,CUDA_SUCCESS,STATE_CONTINUITY_VIOLATION,1,2,f81a5a6047371f8b1b4dbf2daac86be9209540af4d3bd81a53ae0a57130015b1,1,1,1a6121d938e088e73db19392b1d4d71f6bdd98af26e62821a2d5708050bf4b9d,0.926302366,40.301,ghcr.io/ihsenalaya/cc-contract-continuity@sha256:fd60712704b01ca33988aa2734fc0da8cc7c0041eb57669c9237be87df9cc068,ddff8775705a85c278d208b1ba504d18226b7551,"595.91.07, NVIDIA H100 NVL",6.8.0-1066-azure-fde,CC status: ON,CC Environment: PRODUCTION,SecureBoot enabled
27,5,71005,HEALTHY,L2,False,CUDA_SUCCESS,PASS,1,2,f81a5a6047371f8b1b4dbf2daac86be9209540af4d3bd81a53ae0a57130015b1,1,2,f81a5a6047371f8b1b4dbf2daac86be9209540af4d3bd81a53ae0a57130015b1,0.933000141,40.401,ghcr.io/ihsenalaya/cc-contract-continuity@sha256:fd60712704b01ca33988aa2734fc0da8cc7c0041eb57669c9237be87df9cc068,ddff8775705a85c278d208b1ba504d18226b7551,"595.91.07, NVIDIA H100 NVL",6.8.0-1066-azure-fde,CC status: ON,CC Environment: PRODUCTION,SecureBoot enabled
28,5,71005,C2,C2,True,CUDA_SUCCESS,STATE_CONTINUITY_VIOLATION,1,2,f81a5a6047371f8b1b4dbf2daac86be9209540af4d3bd81a53ae0a57130015b1,2,2,4200f3215620d2badc9b6904e821193f85dd5a7f33098b6c30168b9a58ea7b56,0.929836159,39.601,ghcr.io/ihsenalaya/cc-contract-continuity@sha256:fd60712704b01ca33988aa2734fc0da8cc7c0041eb57669c9237be87df9cc068,ddff8775705a85c278d208b1ba504d18226b7551,"595.91.07, NVIDIA H100 NVL",6.8.0-1066-azure-fde,CC status: ON,CC Environment: PRODUCTION,SecureBoot enabled
29,5,71005,C1,C1,True,CUDA_SUCCESS,STATE_CONTINUITY_VIOLATION,1,2,f81a5a6047371f8b1b4dbf2daac86be9209540af4d3bd81a53ae0a57130015b1,1,1,1a6121d938e088e73db19392b1d4d71f6bdd98af26e62821a2d5708050bf4b9d,0.938202377,38.901,ghcr.io/ihsenalaya/cc-contract-continuity@sha256:fd60712704b01ca33988aa2734fc0da8cc7c0041eb57669c9237be87df9cc068,ddff8775705a85c278d208b1ba504d18226b7551,"595.91.07, NVIDIA H100 NVL",6.8.0-1066-azure-fde,CC status: ON,CC Environment: PRODUCTION,SecureBoot enabled
30,6,71006,C1,C1,True,CUDA_SUCCESS,STATE_CONTINUITY_VIOLATION,1,2,d41bf93d55a255fe7c33da43b7d27ab1d034443583c577bafa6f61783f788967,1,1,589a6157a9e702775fa9fffc1f3998ab08c704ff3fc1abd87de8d19af392ca5a,0.941626567,38.701,ghcr.io/ihsenalaya/cc-contract-continuity@sha256:fd60712704b01ca33988aa2734fc0da8cc7c0041eb57669c9237be87df9cc068,ddff8775705a85c278d208b1ba504d18226b7551,"595.91.07, NVIDIA H100 NVL",6.8.0-1066-azure-fde,CC status: ON,CC Environment: PRODUCTION,SecureBoot enabled
31,6,71006,HEALTHY,C1,False,CUDA_SUCCESS,PASS,1,2,d41bf93d55a255fe7c33da43b7d27ab1d034443583c577bafa6f61783f788967,1,2,d41bf93d55a255fe7c33da43b7d27ab1d034443583c577bafa6f61783f788967,0.94590288,39.001,ghcr.io/ihsenalaya/cc-contract-continuity@sha256:fd60712704b01ca33988aa2734fc0da8cc7c0041eb57669c9237be87df9cc068,ddff8775705a85c278d208b1ba504d18226b7551,"595.91.07, NVIDIA H100 NVL",6.8.0-1066-azure-fde,CC status: ON,CC Environment: PRODUCTION,SecureBoot enabled
32,6,71006,L1,L1,True,CUDA_SUCCESS,STATE_CONTINUITY_VIOLATION,1,2,d41bf93d55a255fe7c33da43b7d27ab1d034443583c577bafa6f61783f788967,1,1,589a6157a9e702775fa9fffc1f3998ab08c704ff3fc1abd87de8d19af392ca5a,0.930519576,38.301,ghcr.io/ihsenalaya/cc-contract-continuity@sha256:fd60712704b01ca33988aa2734fc0da8cc7c0041eb57669c9237be87df9cc068,ddff8775705a85c278d208b1ba504d18226b7551,"595.91.07, NVIDIA H100 NVL",6.8.0-1066-azure-fde,CC status: ON,CC Environment: PRODUCTION,SecureBoot enabled
33,6,71006,C2,C2,True,CUDA_SUCCESS,STATE_CONTINUITY_VIOLATION,1,2,d41bf93d55a255fe7c33da43b7d27ab1d034443583c577bafa6f61783f788967,2,2,2ffb26f78b68fad25163c688e673d0de96fb80a96bd17949a68d4dc3c4da6dca,0.935799414,38.801,ghcr.io/ihsenalaya/cc-contract-continuity@sha256:fd60712704b01ca33988aa2734fc0da8cc7c0041eb57669c9237be87df9cc068,ddff8775705a85c278d208b1ba504d18226b7551,"595.91.07, NVIDIA H100 NVL",6.8.0-1066-azure-fde,CC status: ON,CC Environment: PRODUCTION,SecureBoot enabled
34,6,71006,L2,L2,True,CUDA_SUCCESS,STATE_CONTINUITY_VIOLATION,1,2,d41bf93d55a255fe7c33da43b7d27ab1d034443583c577bafa6f61783f788967,1,1,589a6157a9e702775fa9fffc1f3998ab08c704ff3fc1abd87de8d19af392ca5a,0.94744452,39.101,ghcr.io/ihsenalaya/cc-contract-continuity@sha256:fd60712704b01ca33988aa2734fc0da8cc7c0041eb57669c9237be87df9cc068,ddff8775705a85c278d208b1ba504d18226b7551,"595.91.07, NVIDIA H100 NVL",6.8.0-1066-azure-fde,CC status: ON,CC Environment: PRODUCTION,SecureBoot enabled
35,7,71007,L2,L2,True,CUDA_SUCCESS,STATE_CONTINUITY_VIOLATION,1,2,080da4a9a1b692f9d0bea7329cf1d87e021d5e76a5b05b6882f714a172f969c4,1,1,4d5cd62fc464149a926fe3c5dc7a17fdc09b3266270e0a8e18a10ef9c5037aba,0.93944251,39.801,ghcr.io/ihsenalaya/cc-contract-continuity@sha256:fd60712704b01ca33988aa2734fc0da8cc7c0041eb57669c9237be87df9cc068,ddff8775705a85c278d208b1ba504d18226b7551,"595.91.07, NVIDIA H100 NVL",6.8.0-1066-azure-fde,CC status: ON,CC Environment: PRODUCTION,SecureBoot enabled
36,7,71007,C2,C2,True,CUDA_SUCCESS,STATE_CONTINUITY_VIOLATION,1,2,080da4a9a1b692f9d0bea7329cf1d87e021d5e76a5b05b6882f714a172f969c4,2,2,6efd68b942f84c083d17c576287e1184cc5fbb35d7c6eb328596944a7b2c56c2,0.934155272,39.501,ghcr.io/ihsenalaya/cc-contract-continuity@sha256:fd60712704b01ca33988aa2734fc0da8cc7c0041eb57669c9237be87df9cc068,ddff8775705a85c278d208b1ba504d18226b7551,"595.91.07, NVIDIA H100 NVL",6.8.0-1066-azure-fde,CC status: ON,CC Environment: PRODUCTION,SecureBoot enabled
37,7,71007,L1,L1,True,CUDA_SUCCESS,STATE_CONTINUITY_VIOLATION,1,2,080da4a9a1b692f9d0bea7329cf1d87e021d5e76a5b05b6882f714a172f969c4,1,1,4d5cd62fc464149a926fe3c5dc7a17fdc09b3266270e0a8e18a10ef9c5037aba,0.941936975,40.002,ghcr.io/ihsenalaya/cc-contract-continuity@sha256:fd60712704b01ca33988aa2734fc0da8cc7c0041eb57669c9237be87df9cc068,ddff8775705a85c278d208b1ba504d18226b7551,"595.91.07, NVIDIA H100 NVL",6.8.0-1066-azure-fde,CC status: ON,CC Environment: PRODUCTION,SecureBoot enabled
38,7,71007,C1,C1,True,CUDA_SUCCESS,STATE_CONTINUITY_VIOLATION,1,2,080da4a9a1b692f9d0bea7329cf1d87e021d5e76a5b05b6882f714a172f969c4,1,1,4d5cd62fc464149a926fe3c5dc7a17fdc09b3266270e0a8e18a10ef9c5037aba,0.941864073,38.001,ghcr.io/ihsenalaya/cc-contract-continuity@sha256:fd60712704b01ca33988aa2734fc0da8cc7c0041eb57669c9237be87df9cc068,ddff8775705a85c278d208b1ba504d18226b7551,"595.91.07, NVIDIA H100 NVL",6.8.0-1066-azure-fde,CC status: ON,CC Environment: PRODUCTION,SecureBoot enabled
39,7,71007,HEALTHY,C2,False,CUDA_SUCCESS,PASS,1,2,080da4a9a1b692f9d0bea7329cf1d87e021d5e76a5b05b6882f714a172f969c4,1,2,080da4a9a1b692f9d0bea7329cf1d87e021d5e76a5b05b6882f714a172f969c4,0.938488385,39.301,ghcr.io/ihsenalaya/cc-contract-continuity@sha256:fd60712704b01ca33988aa2734fc0da8cc7c0041eb57669c9237be87df9cc068,ddff8775705a85c278d208b1ba504d18226b7551,"595.91.07, NVIDIA H100 NVL",6.8.0-1066-azure-fde,CC status: ON,CC Environment: PRODUCTION,SecureBoot enabled
40,8,71008,C2,C2,True,CUDA_SUCCESS,STATE_CONTINUITY_VIOLATION,1,2,c8ab5cc207898dc9d77785cbf6e9cc3850e51eafb1e649f4ceb1ece2456d6a3b,2,2,5e5677cb6ce0a7dcfc1431da38914766bd75adda0457d05fa82e2af680f028e7,0.937687764,38.801,ghcr.io/ihsenalaya/cc-contract-continuity@sha256:fd60712704b01ca33988aa2734fc0da8cc7c0041eb57669c9237be87df9cc068,ddff8775705a85c278d208b1ba504d18226b7551,"595.91.07, NVIDIA H100 NVL",6.8.0-1066-azure-fde,CC status: ON,CC Environment: PRODUCTION,SecureBoot enabled
41,8,71008,L1,L1,True,CUDA_SUCCESS,STATE_CONTINUITY_VIOLATION,1,2,c8ab5cc207898dc9d77785cbf6e9cc3850e51eafb1e649f4ceb1ece2456d6a3b,1,1,17a182c0ee58e5610ab25c2edbdf3ac32c7762c3a0abac50cef3df2b101d7563,0.936131223,39.601,ghcr.io/ihsenalaya/cc-contract-continuity@sha256:fd60712704b01ca33988aa2734fc0da8cc7c0041eb57669c9237be87df9cc068,ddff8775705a85c278d208b1ba504d18226b7551,"595.91.07, NVIDIA H100 NVL",6.8.0-1066-azure-fde,CC status: ON,CC Environment: PRODUCTION,SecureBoot enabled
42,8,71008,C1,C1,True,CUDA_SUCCESS,STATE_CONTINUITY_VIOLATION,1,2,c8ab5cc207898dc9d77785cbf6e9cc3850e51eafb1e649f4ceb1ece2456d6a3b,1,1,17a182c0ee58e5610ab25c2edbdf3ac32c7762c3a0abac50cef3df2b101d7563,0.937032047,38.001,ghcr.io/ihsenalaya/cc-contract-continuity@sha256:fd60712704b01ca33988aa2734fc0da8cc7c0041eb57669c9237be87df9cc068,ddff8775705a85c278d208b1ba504d18226b7551,"595.91.07, NVIDIA H100 NVL",6.8.0-1066-azure-fde,CC status: ON,CC Environment: PRODUCTION,SecureBoot enabled
43,8,71008,HEALTHY,L1,False,CUDA_SUCCESS,PASS,1,2,c8ab5cc207898dc9d77785cbf6e9cc3850e51eafb1e649f4ceb1ece2456d6a3b,1,2,c8ab5cc207898dc9d77785cbf6e9cc3850e51eafb1e649f4ceb1ece2456d6a3b,0.935312902,39.201,ghcr.io/ihsenalaya/cc-contract-continuity@sha256:fd60712704b01ca33988aa2734fc0da8cc7c0041eb57669c9237be87df9cc068,ddff8775705a85c278d208b1ba504d18226b7551,"595.91.07, NVIDIA H100 NVL",6.8.0-1066-azure-fde,CC status: ON,CC Environment: PRODUCTION,SecureBoot enabled
44,8,71008,L2,L2,True,CUDA_SUCCESS,STATE_CONTINUITY_VIOLATION,1,2,c8ab5cc207898dc9d77785cbf6e9cc3850e51eafb1e649f4ceb1ece2456d6a3b,1,1,17a182c0ee58e5610ab25c2edbdf3ac32c7762c3a0abac50cef3df2b101d7563,0.932491028,39.101,ghcr.io/ihsenalaya/cc-contract-continuity@sha256:fd60712704b01ca33988aa2734fc0da8cc7c0041eb57669c9237be87df9cc068,ddff8775705a85c278d208b1ba504d18226b7551,"595.91.07, NVIDIA H100 NVL",6.8.0-1066-azure-fde,CC status: ON,CC Environment: PRODUCTION,SecureBoot enabled
45,9,71009,C1,C1,True,CUDA_SUCCESS,STATE_CONTINUITY_VIOLATION,1,2,1c393b135ae65e6692b4e9c507600392cf1711b2bc10c88f3fe699dda5f6dd96,1,1,03c668342ea5e0a5580350dc0dab25e6c0d6adfb740c71189a640ab5d2ee3a77,0.932866137,38.201,ghcr.io/ihsenalaya/cc-contract-continuity@sha256:fd60712704b01ca33988aa2734fc0da8cc7c0041eb57669c9237be87df9cc068,ddff8775705a85c278d208b1ba504d18226b7551,"595.91.07, NVIDIA H100 NVL",6.8.0-1066-azure-fde,CC status: ON,CC Environment: PRODUCTION,SecureBoot enabled
46,9,71009,L1,L1,True,CUDA_SUCCESS,STATE_CONTINUITY_VIOLATION,1,2,1c393b135ae65e6692b4e9c507600392cf1711b2bc10c88f3fe699dda5f6dd96,1,1,03c668342ea5e0a5580350dc0dab25e6c0d6adfb740c71189a640ab5d2ee3a77,0.936632736,38.701,ghcr.io/ihsenalaya/cc-contract-continuity@sha256:fd60712704b01ca33988aa2734fc0da8cc7c0041eb57669c9237be87df9cc068,ddff8775705a85c278d208b1ba504d18226b7551,"595.91.07, NVIDIA H100 NVL",6.8.0-1066-azure-fde,CC status: ON,CC Environment: PRODUCTION,SecureBoot enabled
47,9,71009,C2,C2,True,CUDA_SUCCESS,STATE_CONTINUITY_VIOLATION,1,2,1c393b135ae65e6692b4e9c507600392cf1711b2bc10c88f3fe699dda5f6dd96,2,2,da6664f26b2b39f398f547a2b5df103baa0a5fa7bafc97d49db6236e1a4574f5,0.929877359,39.101,ghcr.io/ihsenalaya/cc-contract-continuity@sha256:fd60712704b01ca33988aa2734fc0da8cc7c0041eb57669c9237be87df9cc068,ddff8775705a85c278d208b1ba504d18226b7551,"595.91.07, NVIDIA H100 NVL",6.8.0-1066-azure-fde,CC status: ON,CC Environment: PRODUCTION,SecureBoot enabled
48,9,71009,L2,L2,True,CUDA_SUCCESS,STATE_CONTINUITY_VIOLATION,1,2,1c393b135ae65e6692b4e9c507600392cf1711b2bc10c88f3fe699dda5f6dd96,1,1,03c668342ea5e0a5580350dc0dab25e6c0d6adfb740c71189a640ab5d2ee3a77,0.930100965,38.601,ghcr.io/ihsenalaya/cc-contract-continuity@sha256:fd60712704b01ca33988aa2734fc0da8cc7c0041eb57669c9237be87df9cc068,ddff8775705a85c278d208b1ba504d18226b7551,"595.91.07, NVIDIA H100 NVL",6.8.0-1066-azure-fde,CC status: ON,CC Environment: PRODUCTION,SecureBoot enabled
49,9,71009,HEALTHY,L2,False,CUDA_SUCCESS,PASS,1,2,1c393b135ae65e6692b4e9c507600392cf1711b2bc10c88f3fe699dda5f6dd96,1,2,1c393b135ae65e6692b4e9c507600392cf1711b2bc10c88f3fe699dda5f6dd96,0.92988366,39.001,ghcr.io/ihsenalaya/cc-contract-continuity@sha256:fd60712704b01ca33988aa2734fc0da8cc7c0041eb57669c9237be87df9cc068,ddff8775705a85c278d208b1ba504d18226b7551,"595.91.07, NVIDIA H100 NVL",6.8.0-1066-azure-fde,CC status: ON,CC Environment: PRODUCTION,SecureBoot enabled
